<?xml version="1.0" encoding="utf-8" ?>
<odoo>
    <data noupdate="0">
        <record id="a4_invoice" model="report.paperformat">
            <field name="name">Invoice A4</field>
            <field name="default" eval="True" />
            <field name="format">A4</field>
            <field name="page_height">0</field>
            <field name="page_width">0</field>
            <field name="orientation">Portrait</field>
            <field name="margin_top">10</field>
            <field name="margin_bottom">10</field>
            <field name="margin_left">10</field>
            <field name="margin_right">10</field>
            <field name="header_line" eval="False" />
            <field name="header_spacing">0</field>
            <field name="dpi">90</field>
        </record>

        <record id="80mm_invoice" model="report.paperformat">
            <field name="name">Ticketera</field>
            <field name="default" eval="True" />
            <field name="format">custom</field>
            <field name="page_height">140</field>
            <field name="page_width">80</field>
            <field name="orientation">Portrait</field>
            <field name="margin_top">10</field>
            <field name="margin_bottom">0</field>
            <field name="margin_left">0</field>
            <field name="margin_right">0</field>
            <field name="header_line" eval="False" />
            <field name="header_spacing">0</field>
            <field name="dpi">90</field>
        </record>
    </data>
</odoo>