<?xml version="1.0" encoding="utf-8" ?>
<odoo>
    <data noupdate="0">
        <record id="product_uom_unidad" model="product.uom">
            <field name="category_id" ref="product.product_uom_categ_unit"/>
            <field name="name">UNIDAD(ES)</field>
            <field name="factor" eval="1.0"/>
            <field name="rounding" eval="0.001"/>
            <field name="codigo_ubl">NIU</field>
        </record>
        <record id="product_uom_caja" model="product.uom">
            <field name="category_id" ref="product.product_uom_categ_unit"/>
            <field name="name">CAJA(s)</field>
            <field name="factor" eval="1.0"/>
            <field name="rounding" eval="0.001"/>
            <field name="codigo_ubl">BX</field>
        </record>
    </data>
</odoo>